code	domain	domain_name	summary	head_start_goals	other_sheet_codes
P-Math1	CC	Counting and Cardinality	Say or sign the counting numbers in order, by ones, up to at least 20.	P-MATH 1	
P-Math2	CC	Counting and Cardinality	See how many are in a small group of up to 5 right away, without counting.	P-MATH 2	
P-Math3	CC	Counting and Cardinality	Count up to 10 objects one by one, know the last number says how many, and that each next number is one more.	P-MATH 3	PK.NOS.B.6
P-Math4	CC	Counting and Cardinality	Tell if one group of up to 5 has more, less or the same as another, and use order words up to 10.	P-MATH 4	
P-Math5	CC	Counting and Cardinality	Match a group of 0 to 5 to its written number, and with help write some numbers up to 10.	P-MATH 5	
P-Math6	OA	Operations and Algebraic Thinking	Add and take away up to 5 with fingers, objects or drawings, and solve small story problems.	P-MATH 6	
P-Math7	OA	Operations and Algebraic Thinking	Copy, continue and make simple repeating patterns, and fill in a missing part of a pattern.	P-MATH 7	
P-Math9	MD	Measurement and Data	Compare or order up to 5 things by height or weight, and measure with the same unit, like snap cubes.	P-MATH 8	PK.GR.A.1
P-Math11	G	Geometry and Spatial Sense	Name shapes in any size or turn, count their sides, sort flat and solid shapes, and build shapes.	P-MATH 9	PK.GR.B.5
P-Math12	G	Geometry and Spatial Sense	Use and follow words about position and direction, like up, down, in front of and behind.	P-MATH 10	
