state_code	grade	ccss	kind	summary
NY-K.CC.1	K	K.CC.A.1	same	
NY-K.CC.2	K	K.CC.A.2	same	
NY-K.CC.3	K	K.CC.A.3	same	
NY-K.CC.4	K	K.CC.B.4	edited	Connect counting to how many there are, for quantities up to 20.
NY-K.CC.4a	K	K.CC.B.4	same	
NY-K.CC.4b	K	K.CC.B.4	same	
NY-K.CC.4c	K	K.CC.B.4	same	
NY-K.CC.4d	K		new	Use ordinal words, first through tenth, to tell position and order.
NY-K.CC.5a	K	K.CC.B.5	edited	Count to answer "how many?" for up to 20 objects in a line, array or circle, or 10 scattered.
NY-K.CC.5b	K	K.CC.B.5	edited	Given a number from 1 to 20, count out that many objects.
NY-K.CC.6	K	K.CC.C.6	same	
NY-K.CC.7	K	K.CC.C.7	same	
NY-K.OA.1	K	K.OA.A.1	same	
NY-K.OA.2a	K	K.OA.A.2	edited	Add and subtract numbers within 10.
NY-K.OA.2b	K	K.OA.A.2	edited	Solve adding and taking-away word problems within 10, using objects or drawings.
NY-K.OA.3	K	K.OA.A.3	same	
NY-K.OA.4	K	K.OA.A.4	same	
NY-K.OA.5	K	K.OA.A.5	same	
NY-K.OA.6	K		new	Copy, continue and make simple patterns with real objects.
NY-K.NBT.1	K	K.NBT.A.1	edited	Build and break apart 11 to 19 as ten ones and more ones; recording each is not required.
NY-K.MD.1	K	K.MD.A.1	same	
NY-K.MD.2	K	K.MD.A.2	same	
NY-K.MD.3	K	K.MD.B.3	same	
NY-K.MD.4	K		new	Explore pennies, nickels, dimes and quarters, and begin to recognize pennies and dimes.
NY-K.G.1	K	K.G.A.1	same	
NY-K.G.2	K	K.G.A.2	same	
NY-K.G.3	K	K.G.A.3	same	
NY-K.G.4	K	K.G.B.4	edited	Compare and sort flat and solid shapes of any size or turn, describing their parts informally.
NY-K.G.5	K	K.G.B.5	same	
NY-K.G.6	K	K.G.B.6	same	
NY-1.OA.1	1	1.OA.A.1	same	
NY-1.OA.2	1	1.OA.A.2	same	
NY-1.OA.3	1	1.OA.B.3	same	
NY-1.OA.4	1	1.OA.B.4	same	
NY-1.OA.5	1	1.OA.C.5	same	
NY-1.OA.6a	1	1.OA.C.6	edited	Add and subtract within 20 using strategies like counting on, making ten and known facts.
NY-1.OA.6b	1	1.OA.C.6	edited	Add and subtract within 10 fluently.
NY-1.OA.7	1	1.OA.D.7	same	
NY-1.OA.8	1	1.OA.D.8	same	
NY-1.NBT.1	1	1.NBT.A.1	same	
NY-1.NBT.2	1	1.NBT.B.2	same	
NY-1.NBT.2a	1	1.NBT.B.2	same	
NY-1.NBT.2b	1	1.NBT.B.2	same	
NY-1.NBT.2c	1	1.NBT.B.2	same	
NY-1.NBT.3	1	1.NBT.B.3	same	
NY-1.NBT.4	1	1.NBT.C.4	same	
NY-1.NBT.5	1	1.NBT.C.5	same	
NY-1.NBT.6	1	1.NBT.C.6	same	
NY-1.MD.1	1	1.MD.A.1	same	
NY-1.MD.2	1	1.MD.A.2	same	
NY-1.MD.3a	1	1.MD.B.3	same	
NY-1.MD.3b	1	2.MD.C.8	moved	Name pennies, nickels, dimes and quarters, know their values, and write amounts with the cent sign.
NY-1.MD.3c	1	2.MD.C.8	moved	Count a mix of dimes and pennies and give the total in cents, up to 100 cents.
NY-1.MD.4	1	1.MD.C.4	same	
NY-1.G.1	1	1.G.A.1	same	
NY-1.G.2	1	1.G.A.2	same	
NY-1.G.3	1	1.G.A.3	same	
NY-2.OA.1a	2	2.OA.A.1	edited	Solve one-step adding and subtracting word problems within 100, with the unknown in any position.
NY-2.OA.1b	2	2.OA.A.1	edited	Begin working on two-step adding and subtracting word problems within 100.
NY-2.OA.2a	2	2.OA.B.2	edited	Add and subtract within 20 fluently using mental strategies such as making ten.
NY-2.OA.2b	2	2.OA.B.2	edited	Know all sums of two one-digit numbers from memory.
NY-2.OA.3a	2	2.OA.C.3	edited	Tell whether a group of up to 20 objects is odd or even, by pairing or counting by 2s.
NY-2.OA.3b	2	2.OA.C.3	edited	Write an even number as the sum of two equal addends.
NY-2.OA.4	2	2.OA.C.4	same	
NY-2.NBT.1	2	2.NBT.A.1	same	
NY-2.NBT.1a	2	2.NBT.A.1	same	
NY-2.NBT.1b	2	2.NBT.A.1	same	
NY-2.NBT.2	2	2.NBT.A.2	same	
NY-2.NBT.3	2	2.NBT.A.3	same	
NY-2.NBT.4	2	2.NBT.A.4	same	
NY-2.NBT.5	2	2.NBT.B.5	same	
NY-2.NBT.6	2	2.NBT.B.6	same	
NY-2.NBT.7a	2	2.NBT.B.7	edited	Add and subtract within 1000 with models, drawings or place-value strategies, and record the strategy.
NY-2.NBT.7b	2	2.NBT.B.7	edited	Understand that adding or subtracting three-digit numbers combines like places, regrouping tens or hundreds when needed.
NY-2.NBT.8	2	2.NBT.B.8	same	
NY-2.NBT.9	2	2.NBT.B.9	same	
NY-2.MD.1	2	2.MD.A.1	same	
NY-2.MD.2	2	2.MD.A.2	same	
NY-2.MD.3	2	2.MD.A.3	same	
NY-2.MD.4	2	2.MD.A.4	same	
NY-2.MD.5	2	2.MD.B.5	same	
NY-2.MD.6	2	2.MD.B.6	same	
NY-2.MD.7	2	2.MD.C.7	same	
NY-2.MD.8a	2	2.MD.C.8	edited	Count a mixed set of coins worth up to one dollar.
NY-2.MD.8b	2	2.MD.C.8	edited	Solve money problems within one dollar using coins and the cent sign; no dollar bills or $ sign.
NY-2.MD.9	2	2.MD.D.9	same	
NY-2.MD.10	2	2.MD.D.10	same	
NY-2.G.1	2	2.G.A.1	edited	Sort flat shapes into polygons and non-polygons.
NY-2.G.2	2	2.G.A.2	same	
NY-2.G.3	2	2.G.A.3	same	
NY-3.OA.1	3	3.OA.A.1	same	
NY-3.OA.2	3	3.OA.A.2	same	
NY-3.OA.3	3	3.OA.A.3	same	
NY-3.OA.4	3	3.OA.A.4	same	
NY-3.OA.5	3	3.OA.B.5	same	
NY-3.OA.6	3	3.OA.B.6	same	
NY-3.OA.7a	3	3.OA.C.7	edited	Fluently multiply one-digit numbers and do the related divisions, using strategies.
NY-3.OA.7b	3	3.OA.C.7	edited	Know all products of two one-digit numbers from memory.
NY-3.OA.8	3	3.OA.D.8	edited	Solve two-step word problems with whole numbers using all four operations.
NY-3.OA.8a	3	3.OA.D.8	edited	Write equations or expressions with a letter for the unknown in two-step problems.
NY-3.OA.8b	3	3.OA.D.8	edited	Check two-step answers using mental math and estimation, including rounding.
NY-3.OA.9	3	3.OA.D.9	edited	Find and continue number patterns, including patterns in addition and multiplication tables.
NY-3.NBT.1	3	3.NBT.A.1	same	
NY-3.NBT.2	3	3.NBT.A.2	same	
NY-3.NBT.3	3	3.NBT.A.3	same	
NY-3.NBT.4a	3	4.NBT.A.2	moved	Understand four-digit numbers as thousands, hundreds, tens and ones.
NY-3.NBT.4b	3	4.NBT.A.2	moved	Read and write four-digit numbers in numerals, words and expanded form.
NY-3.NF.1	3	3.NF.A.1	same	
NY-3.NF.2	3	3.NF.A.2	same	
NY-3.NF.2a	3	3.NF.A.2	same	
NY-3.NF.2b	3	3.NF.A.2	same	
NY-3.NF.3	3	3.NF.A.3	same	
NY-3.NF.3a	3	3.NF.A.3	same	
NY-3.NF.3b	3	3.NF.A.3	same	
NY-3.NF.3c	3	3.NF.A.3	same	
NY-3.NF.3d	3	3.NF.A.3	same	
NY-3.MD.1	3	3.MD.A.1	same	
NY-3.MD.2a	3	3.MD.A.2	edited	Measure and estimate liquid volume and mass in grams, kilograms and liters.
NY-3.MD.2b	3	3.MD.A.2	edited	Solve one-step word problems about masses or liquid volumes in the same units, with any operation.
NY-3.MD.3	3	3.MD.B.3	same	
NY-3.MD.4	3	3.MD.B.4	same	
NY-3.MD.5	3	3.MD.C.5	same	
NY-3.MD.5a	3	3.MD.C.5	same	
NY-3.MD.5b	3	3.MD.C.5	same	
NY-3.MD.6	3	3.MD.C.6	same	
NY-3.MD.7	3	3.MD.C.7	same	
NY-3.MD.7a	3	3.MD.C.7	same	
NY-3.MD.7b	3	3.MD.C.7	same	
NY-3.MD.7c	3	3.MD.C.7	same	
NY-3.MD.7d	3	3.MD.C.7	edited	Find the area of shapes made of non-overlapping rectangles by adding; at most one unknown side.
NY-3.MD.8a	3	3.MD.D.8	edited	Find a polygon's perimeter from its sides, or one missing side from the perimeter.
NY-3.MD.8b	3	3.MD.D.8	edited	Find rectangles with the same perimeter but different areas, or the same area but different perimeters.
NY-3.G.1	3	2.G.A.1,3.G.A.1	moved	Name and sort polygons by sides and vertices (triangles to hexagons), and spot shapes that fit none.
NY-3.G.2	3	3.G.A.2	same	
NY-4.OA.1	4	4.OA.A.1	same	
NY-4.OA.2	4	4.OA.A.2	same	
NY-4.OA.3	4	4.OA.A.3	edited	Solve multistep whole-number word problems with all four operations, including interpreting remainders.
NY-4.OA.3a	4	4.OA.A.3	edited	Write equations or expressions with a letter for the unknown in multistep problems.
NY-4.OA.3b	4	4.OA.A.3	edited	Check multistep answers using mental math and estimation, including rounding.
NY-4.OA.4	4	4.OA.B.4	same	
NY-4.OA.5	4	4.OA.C.5	same	
NY-4.NBT.1	4	4.NBT.A.1	same	
NY-4.NBT.2a	4	4.NBT.A.2	edited	Read and write multi-digit whole numbers in numerals, words and expanded form.
NY-4.NBT.2b	4	4.NBT.A.2	edited	Compare multi-digit whole numbers by place value using >, = and <.
NY-4.NBT.3	4	4.NBT.A.3	same	
NY-4.NBT.4	4	4.NBT.B.4	same	
NY-4.NBT.5	4	4.NBT.B.5	same	
NY-4.NBT.6	4	4.NBT.B.6	same	
NY-4.NF.1	4	4.NF.A.1	same	
NY-4.NF.2	4	4.NF.A.2	same	
NY-4.NF.3	4	4.NF.B.3	same	
NY-4.NF.3a	4	4.NF.B.3	same	
NY-4.NF.3b	4	4.NF.B.3	same	
NY-4.NF.3c	4	4.NF.B.3	same	
NY-4.NF.3d	4	4.NF.B.3	same	
NY-4.NF.4	4	4.NF.B.4	same	
NY-4.NF.4a	4	4.NF.B.4	same	
NY-4.NF.4b	4	4.NF.B.4	same	
NY-4.NF.4c	4	4.NF.B.4	same	
NY-4.NF.5	4	4.NF.C.5	same	
NY-4.NF.6	4	4.NF.C.6	same	
NY-4.NF.7	4	4.NF.C.7	same	
NY-4.MD.1	4	4.MD.A.1	edited	Know sizes of ft/in and km/m/cm; convert larger units to smaller with known or given factors; make tables.
NY-4.MD.2	4	4.MD.A.2	edited	Solve word problems about distance, time, liquid volume, mass and money with all four operations.
NY-4.MD.2a	4	4.MD.A.2	edited	Include measurement problems with fractions or decimals, and converting larger units to smaller ones.
NY-4.MD.2b	4	4.MD.A.2	edited	Show measurement quantities on diagrams with a scale, such as number lines.
NY-4.MD.3	4	4.MD.A.3	same	
NY-4.MD.4	4	4.MD.B.4	same	
NY-4.MD.5	4	4.MD.C.5	same	
NY-4.MD.5a	4	4.MD.C.5	same	
NY-4.MD.5b	4	4.MD.C.5	same	
NY-4.MD.6	4	4.MD.C.6	same	
NY-4.MD.7	4	4.MD.C.7	same	
NY-4.G.1	4	4.G.A.1	same	
NY-4.G.2a	4	4.G.A.2	edited	Name triangles by their angles: right, acute or obtuse.
NY-4.G.2b	4	4.G.A.2,3.G.A.1	edited	Identify every quadrilateral with two pairs of parallel sides as a parallelogram.
NY-4.G.2c	4	4.G.A.2,3.G.A.1	edited	Identify every quadrilateral with four right angles as a rectangle.
NY-4.G.3	4	4.G.A.3	same	
NY-5.OA.1	5	5.OA.A.1	edited	Use the order of operations to evaluate expressions; no exponents or nested grouping symbols.
NY-5.OA.2	5	5.OA.A.2	same	
NY-5.OA.3	5	5.OA.B.3	same	
NY-5.NBT.1	5	5.NBT.A.1	same	
NY-5.NBT.2	5	5.NBT.A.2	same	
NY-5.NBT.3	5	5.NBT.A.3	same	
NY-5.NBT.3a	5	5.NBT.A.3	same	
NY-5.NBT.3b	5	5.NBT.A.3	same	
NY-5.NBT.4	5	5.NBT.A.4	same	
NY-5.NBT.5	5	5.NBT.B.5	same	
NY-5.NBT.6	5	5.NBT.B.6	same	
NY-5.NBT.7	5	5.NBT.B.7	same	
NY-5.NF.1	5	5.NF.A.1	same	
NY-5.NF.2	5	5.NF.A.2	same	
NY-5.NF.3	5	5.NF.B.3	same	
NY-5.NF.4	5	5.NF.B.4	same	
NY-5.NF.4a	5	5.NF.B.4	same	
NY-5.NF.4b	5	5.NF.B.4	same	
NY-5.NF.5	5	5.NF.B.5	same	
NY-5.NF.5a	5	5.NF.B.5	same	
NY-5.NF.5b	5	5.NF.B.5	same	
NY-5.NF.6	5	5.NF.B.6	same	
NY-5.NF.7	5	5.NF.B.7	same	
NY-5.NF.7a	5	5.NF.B.7	same	
NY-5.NF.7b	5	5.NF.B.7	same	
NY-5.NF.7c	5	5.NF.B.7	same	
NY-5.MD.1	5	5.MD.A.1	same	
NY-5.MD.2	5	5.MD.B.2	same	
NY-5.MD.3	5	5.MD.C.3	same	
NY-5.MD.3a	5	5.MD.C.3	same	
NY-5.MD.3b	5	5.MD.C.3	same	
NY-5.MD.4	5	5.MD.C.4	same	
NY-5.MD.5	5	5.MD.C.5	same	
NY-5.MD.5a	5	5.MD.C.5	edited	Find a rectangular prism's volume by packing unit cubes and link it to multiplying edge lengths.
NY-5.MD.5b	5	5.MD.C.5	same	
NY-5.MD.5c	5	5.MD.C.5	same	
NY-5.G.1	5	5.G.A.1	same	
NY-5.G.2	5	5.G.A.2	same	
NY-5.G.3	5	5.G.B.3	same	
NY-5.G.4	5	5.G.B.4	same	
#
# SOURCES (New York State Next Generation Mathematics Learning Standards, 2017; crosswalks updated June 2019)
# - https://www.nysed.gov/sites/default/files/programs/standards-instruction/nys-next-generation-mathematics-p-12-standards.pdf  (official P-12 standards; used to confirm codes and sub-part structure)
# - https://www.nysed.gov/sites/default/files/programs/curriculum-instruction/nys-math-standards-kindergarten-crosswalk.pdf
# - https://www.nysed.gov/sites/default/files/programs/curriculum-instruction/nys-math-standards-grade-1-crosswalk.pdf  (also grade-2 ... grade-5, same URL pattern)
# - Crosswalk index page: https://nysed.gov/curriculum-instruction/teachers/next-generation-mathematics-learning-standards-crosswalks
# - Row text was read from the NY column of the official 2011-CCLS vs NGLS crosswalks and compared to CCSS 2010 (not to NY's 2011 CCLS, which already had NY additions such as coins in 1.MD.3).
#
# CCSS K-5 STANDARDS DROPPED: none entirely. Partly dropped or narrowed:
# - 2.G.A.1: drawing shapes with given angles/faces and identifying cubes dropped; polygon naming moved to NY-3.G.1; NY-2.G.1 is polygon vs non-polygon.
# - 3.G.A.1: quadrilateral sub-category work moved to NY-4.G.2b/2c and NY-5.G.3 (inclusive trapezoid).
# - 4.G.A.2: classifying by perpendicular lines / right triangles as a category narrowed to NY-4.G.2a-c.
# - 2.MD.C.8: dollar bills and the $ sign removed in grade 2 (cents only).
# - 5.OA.A.1: brackets/braces and nested grouping removed (order of operations without exponents instead).
# - 5.MD.C.5a: threefold products / associative property clause removed.
# - K.NBT.A.1: recording each composition by drawing or equation removed.
# - 4.MD.A.1: knowing relative sizes is limited to ft/in and km/m/cm; other conversion factors are given.
#
# UNSURE / NOTES
# - Pre-K (NY-PK...) rows are omitted (no CCSS counterpart; grade column is K-5 only).
# - NY-1.MD.3b/3c (coins in grade 1) are marked "moved" from 2.MD.C.8; NY-3.NBT.4a/4b (four-digit place value) are marked "moved" from 4.NBT.A.2. Both are judgement calls.
# - NY-3.G.1 is mapped to 2.G.A.1 (polygon names) plus 3.G.A.1; kind "moved" is a judgement call.
# - Added vocabulary (o'clock/half past, quarter past/to in NY-1.MD.3a, NY-2.MD.7) and NY "Notes" that restate CCSS footnotes were treated as "same".
# Conventions (all five files):
# - CCSS baseline: CCSS Math PDF, https://corestandards.org/wp-content/uploads/2023/09/Math_Standards1.pdf ; ccss codes are expanded with cluster letters from the CCSS K-5 list.
# - kind is judged on content, not code: a state standard that only renames/recodes or drops/moves examples into notes is "same".
# - Lettered sub-parts get their own row (with a stem row when the stem has its own text). A sub-part that mirrors a CCSS sub-part is "same";
#   a sub-part carved out of a CCSS standard that has no such sub-part (e.g. a split of one CCSS sentence into a/b) is "edited" with a summary.
# - Sub-part rows list the parent CCSS code (CCSS sub-part letters are not used in the ccss column).
# - "moved" is used when the main content comes from another CCSS grade; the other grade's code is in ccss.
