grade	unit	title	ccss_or_state_codes_practised
K	1	Math in Our World	K.NOS.B.8,K.CC.B.5,K.CC.B.4,K.CC.C.6
K	2	Numbers 1–10	K.CC.B.4,K.CC.A.3,K.CC.C.6,K.CC.C.7
K	3	Flat Shapes All Around Us	K.G.A.1,K.G.A.2,K.G.B.4,K.G.B.5,K.G.B.6,K.AT.B.3
K	4	Understanding Addition and Subtraction	K.OA.A.1,K.OA.A.2,K.OA.A.5
K	5	Make and Break Apart Numbers Within 10	K.OA.A.3,K.OA.A.4,K.OA.A.2,K.OA.A.5
K	6	Numbers 0–20	K.CC.A.1,K.CC.A.2,K.NOS.A.3,K.CC.B.5,K.CC.A.3,K.NBT.A.1
K	7	Solid Shapes All Around Us	K.G.A.3,K.G.A.2,K.MD.A.1,K.MD.A.2,K.GR.A.3,K.MD.B.3
1	1	Adding, Subtracting, and Working With Data	1.MD.C.4,1.OA.C.5,1.OA.C.6
1	2	Addition and Subtraction Story Problems	1.OA.A.1,1.OA.A.2,1.OA.B.4,1.OA.D.8
1	3	Adding and Subtracting Within 20	1.OA.C.6,1.OA.B.3,1.OA.B.4,1.OA.D.7,1.NBT.B.2
1	4	Numbers to 99	1.NBT.B.2,1.NBT.B.3,1.NOS.B.6,1.NBT.C.5
1	5	Adding Within 100	1.NBT.C.4,1.NBT.C.5,1.NBT.C.6,1.NOS.E.13
1	6	Measuring Lengths of Up to 120 Length Units	1.MD.A.1,1.MD.A.2,1.NBT.A.1,1.OA.A.1
1	7	Geometry and Time	1.G.A.1,1.G.A.2,1.G.A.3,1.MD.B.3
2	1	Working With Data and Solving Comparison Problems	2.MD.D.10,2.OA.A.1,2.OA.B.2
2	2	Adding and Subtracting Within 100	2.MD.C.8,2.NBT.B.5,2.OA.A.1,2.NBT.B.9
2	3	Measuring Length	2.MD.A.1,2.MD.A.2,2.MD.A.3,2.MD.A.4,2.MD.B.5,2.MD.D.9
2	4	Addition and Subtraction on the Number Line	2.MD.B.6,2.MD.B.5,2.NOS.A.5,2.NBT.B.5
2	5	Numbers to 1,000	2.NBT.A.1,2.NBT.A.2,2.NBT.A.3,2.NBT.A.4
2	6	Geometry and Time	2.G.A.1,2.G.A.3,2.MD.C.7,2.GR.C.8
2	7	Adding and Subtracting Within 1,000	2.NBT.B.7,2.NBT.B.6,2.NBT.B.8,2.NBT.B.9
2	8	Equal Groups	2.OA.C.3,2.OA.C.4,2.G.A.2,2.NBT.A.2
3	1	Introducing Multiplication	3.OA.A.1,3.OA.A.3,3.OA.B.5,3.OA.C.7,3.MD.B.3
3	2	Area and Multiplication	3.MD.C.5,3.MD.C.6,3.MD.C.7,3.OA.B.5
3	3	Wrapping Up Addition and Subtraction Within 1,000	3.NBT.A.2,3.NBT.A.1,3.NOS.D.6,3.NOS.A.1,3.OA.D.8
3	4	Relating Multiplication to Division	3.OA.A.2,3.OA.A.4,3.OA.B.6,3.OA.C.7,3.NBT.A.3,3.OA.D.8,3.OA.D.9
3	5	Fractions as Numbers	3.NF.A.1,3.G.A.2,3.NF.A.2,3.NF.A.3,3.NOS.F.11
3	6	Measuring Length, Time, Liquid Volume, and Weight	3.MD.A.1,3.MD.A.2,3.MD.B.4
3	7	Two-Dimensional Shapes and Perimeter	3.G.A.1,3.GR.C.8,3.MD.D.8,3.MD.C.7
4	1	Factors and Multiples	4.OA.B.4,4.OA.C.5,4.NOS.C.7
4	2	Fraction Equivalence and Comparison	4.NF.A.1,4.NF.A.2
4	3	Extending Operations to Fractions	4.NF.B.3,4.NF.B.4,4.NF.C.5,4.MD.B.4
4	4	From Hundredths to Hundred Thousands	4.NF.C.6,4.NF.C.7,4.NBT.A.1,4.NBT.A.2,4.NBT.A.3,4.NBT.B.4
4	5	Multiplicative Comparison and Measurement	4.OA.A.1,4.OA.A.2,4.MD.A.1,4.MD.A.2,4.OA.A.3
4	6	Multiplying and Dividing Multi-Digit Numbers	4.NOS.B.4,4.NBT.B.5,4.NBT.B.6,4.MD.A.3,4.GR.A.4
4	7	Angles and Properties of Shapes	4.G.A.1,4.MD.C.5,4.MD.C.6,4.MD.C.7,4.G.A.2,4.G.A.3
5	1	Volume	5.MD.C.3,5.MD.C.4,5.MD.C.5
5	2	Fractions as Quotients and Fraction Multiplication	5.NF.B.3,5.NF.B.4,5.NF.B.6
5	3	Multiplying and Dividing Fractions	5.NF.B.4,5.NF.B.5,5.NF.B.6,5.NF.B.7
5	4	Multiplication and Division With Multi-Digit Whole Numbers	5.NBT.B.5,5.NBT.B.6,5.OA.A.1,5.OA.A.2
5	5	Place Value Patterns and Decimal Operations	5.NBT.A.1,5.NBT.A.3,5.NBT.A.4,5.NBT.B.7
5	6	More Decimal and Fraction Operations	5.NBT.A.2,5.MD.A.1,5.NF.A.1,5.NF.A.2,5.MD.B.2
5	7	Shapes on the Coordinate Plane	5.G.A.1,5.G.A.2,5.G.B.3,5.G.B.4,5.OA.B.3
