grade	unit	title	ccss
K	1	Represent, Count, and Write Numbers 0 to 5	K.CC.A.3,K.CC.B.4,K.OA.A.3
K	2	Compare Numbers to 5	K.CC.C.6
K	3	Represent, Count, and Write Numbers 6 to 9	K.CC.A.3,K.CC.B.5,K.CC.C.6
K	4	Represent and Compare Numbers to 10	K.CC.A.2,K.CC.A.3,K.CC.B.5,K.CC.C.6,K.CC.C.7,K.OA.A.4
K	5	Addition	K.OA.A.1,K.OA.A.2,K.OA.A.3,K.OA.A.4,K.OA.A.5
K	6	Subtraction	K.OA.A.1,K.OA.A.2,K.OA.A.5
K	7	Represent, Count, and Write 11 to 19	K.CC.A.3,K.NBT.A.1
K	8	Represent, Count, and Write 20 and Beyond	K.CC.A.1,K.CC.A.2,K.CC.A.3,K.CC.B.5,K.CC.C.6
K	9	Identify and Describe Two-Dimensional Shapes	K.G.A.2,K.G.B.4,K.G.B.6
K	10	Identify and Describe Three-Dimensional Shapes	K.G.A.1,K.G.A.2,K.G.A.3,K.G.B.4
K	11	Measurement	K.MD.A.1,K.MD.A.2
K	12	Classify and Sort Data	K.MD.B.3
1	1	Addition Concepts	1.OA.A.1,1.OA.B.3,1.OA.C.6
1	2	Subtraction Concepts	1.OA.A.1,1.OA.C.6,1.OA.D.8
1	3	Addition Strategies	1.OA.A.2,1.OA.B.3,1.OA.C.5,1.OA.C.6
1	4	Subtraction Strategies	1.OA.A.1,1.OA.B.4,1.OA.C.5,1.OA.C.6
1	5	Addition and Subtraction Relationships	1.OA.A.1,1.OA.C.6,1.OA.D.7,1.OA.D.8
1	6	Count and Model Numbers	1.NBT.A.1,1.NBT.B.2,1.NBT.B.3
1	7	Compare Numbers	1.NBT.B.3,1.NBT.C.5
1	8	Two-Digit Addition and Subtraction	1.OA.C.6,1.NBT.C.4,1.NBT.C.6
1	9	Measurement	1.MD.A.1,1.MD.A.2,1.MD.B.3
1	10	Represent Data	1.MD.C.4
1	11	Three-Dimensional Geometry	1.G.A.1,1.G.A.2
1	12	Two-Dimensional Geometry	1.G.A.1,1.G.A.2,1.G.A.3
2	1	Number Concepts	2.OA.C.3,2.NBT.A.2,2.NBT.A.3
2	2	Numbers to 1,000	2.NBT.A.1,2.NBT.A.3,2.NBT.A.4,2.NBT.B.8
2	3	Basic Facts and Relationships	2.OA.A.1,2.OA.B.2,2.OA.C.4
2	4	2-Digit Addition	2.OA.A.1,2.NBT.B.5,2.NBT.B.6,2.NBT.B.9
2	5	2-Digit Subtraction	2.OA.A.1,2.NBT.B.5,2.NBT.B.9
2	6	3-Digit Addition and Subtraction	2.NBT.B.7
2	7	Money and Time	2.MD.C.7,2.MD.C.8
2	8	Length in Customary Units	2.MD.A.1,2.MD.A.2,2.MD.A.3,2.MD.B.5,2.MD.B.6,2.MD.D.9
2	9	Length in Metric Units	2.MD.A.1,2.MD.A.2,2.MD.A.3,2.MD.A.4,2.MD.B.5,2.MD.B.6
2	10	Data	2.MD.D.10
2	11	Geometry and Fraction Concepts	2.G.A.1,2.G.A.2,2.G.A.3
3	1	Addition and Subtraction Within 1,000	3.OA.D.8,3.OA.D.9,3.NBT.A.1,3.NBT.A.2
3	2	Represent and Interpret Data	3.OA.D.8,3.NBT.A.2,3.MD.B.3,3.MD.B.4
3	3	Understand Multiplication	3.OA.A.1,3.OA.A.3,3.OA.B.5,3.OA.D.8
3	4	Multiplication Facts and Strategies	3.OA.A.3,3.OA.B.5,3.OA.C.7,3.OA.D.8,3.OA.D.9
3	5	Use Multiplication Facts	3.OA.A.4,3.OA.D.9,3.NBT.A.3
3	6	Understand Division	3.OA.A.2,3.OA.A.3,3.OA.B.5,3.OA.B.6,3.OA.C.7
3	7	Division Facts and Strategies	3.OA.A.3,3.OA.A.4,3.OA.C.7,3.OA.D.8
3	8	Understand Fractions	3.NF.A.1,3.NF.A.2,3.NF.A.3
3	9	Compare Fractions	3.NF.A.3
3	10	Time, Length, Liquid Volume, and Mass	3.MD.A.1,3.MD.A.2,3.MD.B.4
3	11	Perimeter and Area	3.MD.C.5,3.MD.C.6,3.MD.C.7,3.MD.D.8
3	12	Two-Dimensional Shapes	3.G.A.1,3.G.A.2
4	1	Place Value, Addition, and Subtraction to One Million	4.NBT.A.1,4.NBT.A.2,4.NBT.A.3,4.NBT.B.4
4	2	Multiply by 1-Digit Numbers	4.OA.A.1,4.OA.A.2,4.OA.A.3,4.NBT.B.5
4	3	Multiply 2-Digit Numbers	4.OA.A.3,4.NBT.B.5
4	4	Divide by 1-Digit Numbers	4.OA.A.2,4.OA.A.3,4.NBT.B.6
4	5	Factors, Multiples, and Patterns	4.OA.B.4,4.OA.C.5
4	6	Fraction Equivalence and Comparison	4.NF.A.1,4.NF.A.2
4	7	Add and Subtract Fractions	4.NF.B.3
4	8	Multiply Fractions by Whole Numbers	4.NF.B.4
4	9	Relate Fractions and Decimals	4.NF.C.5,4.NF.C.6,4.NF.C.7,4.MD.A.2
4	10	Two-Dimensional Figures	4.OA.C.5,4.G.A.1,4.G.A.2,4.G.A.3
4	11	Angles	4.MD.C.5,4.MD.C.6,4.MD.C.7
4	12	Relative Sizes of Measurement Units	4.MD.A.1,4.MD.A.2,4.MD.B.4
4	13	Algebra: Perimeter and Area	4.MD.A.3
5	1	Place Value, Multiplication, and Expressions	5.OA.A.1,5.OA.A.2,5.NBT.A.1,5.NBT.A.2,5.NBT.B.5,5.NBT.B.6
5	2	Divide Whole Numbers	5.NBT.B.6,5.NF.B.3
5	3	Add and Subtract Decimals	5.NBT.A.1,5.NBT.A.3,5.NBT.A.4,5.NBT.B.7
5	4	Multiply Decimals	5.NBT.A.2,5.NBT.B.7
5	5	Divide Decimals	5.NBT.A.2,5.NBT.B.7
5	6	Add and Subtract Fractions with Unlike Denominators	5.NF.A.1,5.NF.A.2
5	7	Multiply Fractions	5.NF.B.4,5.NF.B.5,5.NF.B.6
5	8	Divide Fractions	5.NF.B.3,5.NF.B.7
5	9	Algebra: Patterns and Graphing	5.OA.B.3,5.MD.B.2,5.G.A.1,5.G.A.2
5	10	Convert Units of Measure	5.MD.A.1
5	11	Geometry and Volume	5.MD.C.3,5.MD.C.4,5.MD.C.5,5.G.B.3,5.G.B.4
