code	grade	domain	domain_name	summary
P-MATH 1	PK		Counting & cardinality	Say the counting numbers in order, working up to 20.
P-MATH 2	PK		Counting & cardinality	See how many are in a small group, up to 5, without counting.
P-MATH 3	PK		Counting & cardinality	Count things one by one, and know the last number said tells how many.
P-MATH 4	PK		Counting & cardinality	Compare two groups: which has more, which has fewer, or the same.
P-MATH 5	PK		Counting & cardinality	Match written numbers to amounts up to 5, and begin to write numbers.
P-MATH 6	PK		Operations & algebraic thinking	Add by putting groups together and subtract by taking some away, with objects or fingers.
P-MATH 7	PK		Operations & algebraic thinking	See, copy and continue simple repeating patterns.
P-MATH 8	PK		Measurement	Compare things by size, length, height or weight: bigger, longer, heavier.
P-MATH 9	PK		Geometry & spatial sense	Name and compare shapes of any size or turn, and put shapes together.
P-MATH 10	PK		Geometry & spatial sense	Describe where things are: above, below, beside, in front, behind.
K.CC.A.1	K	CC	Counting	Count to 100 by ones and by tens.
K.CC.A.2	K	CC	Counting	Count forward from any number, not just 1.
K.CC.A.3	K	CC	Counting	Write numbers 0–20 and use a numeral to show how many.
K.CC.B.4	K	CC	Counting	Understand counting: one number per object, and the last number says how many.
K.CC.B.5	K	CC	Counting	Count up to 20 objects in a line or a group, and count out a given number.
K.CC.C.6	K	CC	Counting	Say whether one group has more, fewer or the same as another.
K.CC.C.7	K	CC	Counting	Compare two written numbers between 1 and 10.
K.OA.A.1	K	OA	Operations & algebraic thinking	Show adding and taking away with objects, fingers, drawings or acting it out.
K.OA.A.2	K	OA	Operations & algebraic thinking	Solve adding and taking-away story problems within 10.
K.OA.A.3	K	OA	Operations & algebraic thinking	Break numbers up to 10 into pairs in more than one way.
K.OA.A.4	K	OA	Operations & algebraic thinking	Find the number that makes 10 with any number from 1 to 9.
K.OA.A.5	K	OA	Operations & algebraic thinking	Add and subtract within 5 quickly and accurately.
K.NBT.A.1	K	NBT	Place value	Build and break apart 11–19 as ten ones and some more ones.
K.MD.A.1	K	MD	Measurement & data	Describe things that can be measured, like length and weight.
K.MD.A.2	K	MD	Measurement & data	Compare two objects: which is taller, shorter, heavier or lighter.
K.MD.B.3	K	MD	Measurement & data	Sort objects into groups and count each group.
K.G.A.1	K	G	Geometry	Describe where things are: above, below, beside, in front of, behind, next to.
K.G.A.2	K	G	Geometry	Name shapes whatever their size or which way they face.
K.G.A.3	K	G	Geometry	Tell flat shapes from solid shapes.
K.G.B.4	K	G	Geometry	Compare flat and solid shapes by their sides, corners and faces.
K.G.B.5	K	G	Geometry	Build and draw shapes.
K.G.B.6	K	G	Geometry	Put small shapes together to make bigger ones.
1.OA.A.1	1	OA	Operations & algebraic thinking	Solve adding and subtracting story problems within 20.
1.OA.A.2	1	OA	Operations & algebraic thinking	Solve story problems that add three numbers, with a sum within 20.
1.OA.B.3	1	OA	Operations & algebraic thinking	Use turn-around facts and grouping to make adding easier.
1.OA.B.4	1	OA	Operations & algebraic thinking	Think of subtraction as finding a missing addend.
1.OA.C.5	1	OA	Operations & algebraic thinking	Connect counting on and counting back to adding and subtracting.
1.OA.C.6	1	OA	Operations & algebraic thinking	Add and subtract within 20 using strategies like making ten and doubles.
1.OA.D.7	1	OA	Operations & algebraic thinking	Understand the equal sign and decide whether equations are true or false.
1.OA.D.8	1	OA	Operations & algebraic thinking	Find the missing number in an addition or subtraction equation.
1.NBT.A.1	1	NBT	Place value	Count to 120 from any number, and read and write the numerals.
1.NBT.B.2	1	NBT	Place value	Understand two-digit numbers as tens and ones.
1.NBT.B.3	1	NBT	Place value	Compare two-digit numbers using >, = and <.
1.NBT.C.4	1	NBT	Place value	Add within 100 using models and place value.
1.NBT.C.5	1	NBT	Place value	Find 10 more or 10 less than a two-digit number in your head.
1.NBT.C.6	1	NBT	Place value	Subtract multiples of 10 within 90.
1.MD.A.1	1	MD	Measurement & data	Put three objects in order by length, and compare two lengths using a third.
1.MD.A.2	1	MD	Measurement & data	Measure length by lining up same-size units end to end.
1.MD.B.3	1	MD	Measurement & data	Tell and write time to the hour and half hour.
1.MD.C.4	1	MD	Measurement & data	Sort, show and read data with up to three categories.
1.G.A.1	1	G	Geometry	Tell which features make a shape what it is, then build and draw shapes.
1.G.A.2	1	G	Geometry	Put shapes together to make new shapes.
1.G.A.3	1	G	Geometry	Split circles and rectangles into halves and fourths.
2.OA.A.1	2	OA	Operations & algebraic thinking	Solve one- and two-step adding and subtracting story problems within 100.
2.OA.B.2	2	OA	Operations & algebraic thinking	Add and subtract within 20 from memory.
2.OA.C.3	2	OA	Operations & algebraic thinking	Tell whether a group of up to 20 objects is odd or even.
2.OA.C.4	2	OA	Operations & algebraic thinking	Use repeated addition to count objects in rows and columns.
2.NBT.A.1	2	NBT	Place value	Understand three-digit numbers as hundreds, tens and ones.
2.NBT.A.2	2	NBT	Place value	Count within 1000, and skip-count by 5s, 10s and 100s.
2.NBT.A.3	2	NBT	Place value	Read and write numbers to 1000 as numerals, words and expanded form.
2.NBT.A.4	2	NBT	Place value	Compare three-digit numbers using >, = and <.
2.NBT.B.5	2	NBT	Place value	Add and subtract within 100 using place value.
2.NBT.B.6	2	NBT	Place value	Add up to four two-digit numbers.
2.NBT.B.7	2	NBT	Place value	Add and subtract within 1000 using models and place value.
2.NBT.B.8	2	NBT	Place value	Add or subtract 10 or 100 in your head, for numbers 100–900.
2.NBT.B.9	2	NBT	Place value	Explain why adding and subtracting strategies work.
2.MD.A.1	2	MD	Measurement & data	Measure length with a ruler, yardstick, meter stick or tape.
2.MD.A.2	2	MD	Measurement & data	Measure something twice with different units and compare the numbers.
2.MD.A.3	2	MD	Measurement & data	Estimate lengths in inches, feet, centimeters and meters.
2.MD.A.4	2	MD	Measurement & data	Measure how much longer one object is than another.
2.MD.B.5	2	MD	Measurement & data	Solve length story problems within 100.
2.MD.B.6	2	MD	Measurement & data	Show numbers, sums and differences on a number line.
2.MD.C.7	2	MD	Measurement & data	Tell and write time to the nearest five minutes, using a.m. and p.m.
2.MD.C.8	2	MD	Measurement & data	Solve money problems with dollars, quarters, dimes, nickels and pennies.
2.MD.D.9	2	MD	Measurement & data	Measure lengths and show the results on a line plot.
2.MD.D.10	2	MD	Measurement & data	Draw picture graphs and bar graphs with up to four categories.
2.G.A.1	2	G	Geometry	Recognize and draw shapes by their angles and faces.
2.G.A.2	2	G	Geometry	Split a rectangle into rows and columns of equal squares and count them.
2.G.A.3	2	G	Geometry	Split circles and rectangles into two, three or four equal shares.
3.OA.A.1	3	OA	Operations & algebraic thinking	Understand multiplying as equal groups: 5 × 7 is 5 groups of 7.
3.OA.A.2	3	OA	Operations & algebraic thinking	Understand dividing as sharing equally or making equal groups.
3.OA.A.3	3	OA	Operations & algebraic thinking	Solve multiplying and dividing story problems within 100.
3.OA.A.4	3	OA	Operations & algebraic thinking	Find the missing number in a multiplication or division equation.
3.OA.B.5	3	OA	Operations & algebraic thinking	Use turn-around facts and grouping to multiply.
3.OA.B.6	3	OA	Operations & algebraic thinking	Think of division as finding a missing factor.
3.OA.C.7	3	OA	Operations & algebraic thinking	Multiply and divide within 100, and know the times tables from memory.
3.OA.D.8	3	OA	Operations & algebraic thinking	Solve two-step story problems using all four operations.
3.OA.D.9	3	OA	Operations & algebraic thinking	Find and explain patterns in addition and multiplication tables.
3.NBT.A.1	3	NBT	Place value	Round whole numbers to the nearest 10 or 100.
3.NBT.A.2	3	NBT	Place value	Add and subtract within 1000.
3.NBT.A.3	3	NBT	Place value	Multiply one-digit numbers by multiples of 10.
3.NF.A.1	3	NF	Fractions	Understand a unit fraction as one of the equal parts of a whole.
3.NF.A.2	3	NF	Fractions	Place fractions on a number line.
3.NF.A.3	3	NF	Fractions	Find equivalent fractions and compare fractions by thinking about their size.
3.MD.A.1	3	MD	Measurement & data	Tell time to the minute and solve elapsed-time problems.
3.MD.A.2	3	MD	Measurement & data	Measure and estimate liquid volume and mass in liters, grams and kilograms.
3.MD.B.3	3	MD	Measurement & data	Draw scaled picture and bar graphs and answer how-many-more questions.
3.MD.B.4	3	MD	Measurement & data	Measure to the nearest half or quarter inch and make a line plot.
3.MD.C.5	3	MD	Measurement & data	Understand area as how many unit squares cover a shape.
3.MD.C.6	3	MD	Measurement & data	Measure area by counting unit squares.
3.MD.C.7	3	MD	Measurement & data	Connect area to multiplying and adding.
3.MD.D.8	3	MD	Measurement & data	Solve perimeter problems, including finding a missing side.
3.G.A.1	3	G	Geometry	See that shapes in different groups can share features, like quadrilaterals.
3.G.A.2	3	G	Geometry	Split shapes into equal areas and name each part as a fraction.
4.OA.A.1	4	OA	Operations & algebraic thinking	Read multiplying as comparing: 35 is 5 times as many as 7.
4.OA.A.2	4	OA	Operations & algebraic thinking	Solve story problems that compare by multiplying or dividing.
4.OA.A.3	4	OA	Operations & algebraic thinking	Solve multi-step story problems, including ones with remainders.
4.OA.B.4	4	OA	Operations & algebraic thinking	Find factor pairs and multiples, and tell prime from composite numbers.
4.OA.C.5	4	OA	Operations & algebraic thinking	Make and extend number and shape patterns that follow a rule.
4.NBT.A.1	4	NBT	Place value	Understand that each place is worth ten times the place to its right.
4.NBT.A.2	4	NBT	Place value	Read, write and compare multi-digit numbers.
4.NBT.A.3	4	NBT	Place value	Round multi-digit numbers to any place.
4.NBT.B.4	4	NBT	Place value	Add and subtract multi-digit numbers with the standard method.
4.NBT.B.5	4	NBT	Place value	Multiply up to four digits by one digit, and two digits by two digits.
4.NBT.B.6	4	NBT	Place value	Divide up to four-digit numbers by one-digit numbers, with remainders.
4.NF.A.1	4	NF	Fractions	Explain why two fractions are equal, using pictures and models.
4.NF.A.2	4	NF	Fractions	Compare fractions with different numerators and denominators.
4.NF.B.3	4	NF	Fractions	Add and subtract fractions and mixed numbers with like denominators.
4.NF.B.4	4	NF	Fractions	Multiply a fraction by a whole number.
4.NF.C.5	4	NF	Fractions	Add fractions with denominators of 10 and 100.
4.NF.C.6	4	NF	Fractions	Write tenths and hundredths as decimals.
4.NF.C.7	4	NF	Fractions	Compare decimals to hundredths.
4.MD.A.1	4	MD	Measurement & data	Know how units compare in size and convert within one system.
4.MD.A.2	4	MD	Measurement & data	Solve story problems about distance, time, volume, mass and money.
4.MD.A.3	4	MD	Measurement & data	Use area and perimeter formulas for rectangles.
4.MD.B.4	4	MD	Measurement & data	Make line plots with fractional measurements and use them to solve problems.
4.MD.C.5	4	MD	Measurement & data	Understand angles and measuring them in degrees.
4.MD.C.6	4	MD	Measurement & data	Measure and draw angles with a protractor.
4.MD.C.7	4	MD	Measurement & data	Find missing angles by adding and subtracting.
4.G.A.1	4	G	Geometry	Draw points, lines, rays, angles, and parallel and perpendicular lines.
4.G.A.2	4	G	Geometry	Sort shapes by their parallel or perpendicular sides and their angles.
4.G.A.3	4	G	Geometry	Find and draw lines of symmetry.
5.OA.A.1	5	OA	Operations & algebraic thinking	Evaluate expressions with parentheses and brackets.
5.OA.A.2	5	OA	Operations & algebraic thinking	Write and read simple expressions without working them out.
5.OA.B.3	5	OA	Operations & algebraic thinking	Make two patterns from rules, pair them up and graph the pairs.
5.NBT.A.1	5	NBT	Place value	Understand that each place is ten times the place to its right and a tenth of the one to its left.
5.NBT.A.2	5	NBT	Place value	Explain the patterns in zeros and decimal points when multiplying or dividing by powers of 10.
5.NBT.A.3	5	NBT	Place value	Read, write and compare decimals to thousandths.
5.NBT.A.4	5	NBT	Place value	Round decimals to any place.
5.NBT.B.5	5	NBT	Place value	Multiply multi-digit whole numbers with the standard method.
5.NBT.B.6	5	NBT	Place value	Divide up to four-digit numbers by two-digit divisors.
5.NBT.B.7	5	NBT	Place value	Add, subtract, multiply and divide decimals to hundredths.
5.NF.A.1	5	NF	Fractions	Add and subtract fractions with unlike denominators.
5.NF.A.2	5	NF	Fractions	Solve fraction story problems and check answers with benchmark fractions.
5.NF.B.3	5	NF	Fractions	Understand a fraction as a division: 3/4 is 3 ÷ 4.
5.NF.B.4	5	NF	Fractions	Multiply a fraction or whole number by a fraction.
5.NF.B.5	5	NF	Fractions	Understand multiplying as scaling something up or down.
5.NF.B.6	5	NF	Fractions	Solve real-world problems multiplying fractions and mixed numbers.
5.NF.B.7	5	NF	Fractions	Divide unit fractions by whole numbers and whole numbers by unit fractions.
5.MD.A.1	5	MD	Measurement & data	Convert between units in the same measurement system.
5.MD.B.2	5	MD	Measurement & data	Make line plots with fractional measurements and use them to solve problems.
5.MD.C.3	5	MD	Measurement & data	Understand volume as how many unit cubes fill a solid.
5.MD.C.4	5	MD	Measurement & data	Measure volume by counting unit cubes.
5.MD.C.5	5	MD	Measurement & data	Find the volume of rectangular prisms by multiplying and adding.
5.G.A.1	5	G	Geometry	Understand the coordinate plane: axes, origin and ordered pairs.
5.G.A.2	5	G	Geometry	Plot points in the first quadrant to solve problems.
5.G.B.3	5	G	Geometry	See that features of a shape family belong to every shape in it.
5.G.B.4	5	G	Geometry	Sort two-dimensional shapes into a family tree.
